,year,month,max_rain,n_rain_days,total_rain,mean_rh,mean_ss,mean_temp
0,1982,1,36.5,10,107.1,81.2,5.6,25.9
1,1982,2,9.4,5,27.8,79.5,7.6,27.1
2,1982,3,61.7,11,160.8,82.3,5.1,27.2
3,1982,4,45.1,14,157.0,85.9,4.7,27.0
4,1982,5,33.0,10,102.2,83.2,5.8,28.0
5,1982,6,20.6,8,59.5,80.3,7.3,28.4
6,1982,7,17.2,8,76.3,77.6,7.6,28.2
7,1982,8,57.7,11,169.5,80.4,5.4,27.7
8,1982,9,18.0,9,54.1,80.6,5.2,27.9
9,1982,10,10.0,10,39.3,81.5,5.6,27.4
10,1982,11,39.6,13,134.0,83.4,5.8,27.3
11,1982,12,109.0,21,494.1,87.7,3.3,26.2
12,1983,1,43.2,18,246.0,85.6,4.3,26.5
13,1983,2,5.1,2,5.6,78.0,9.3,28.1
14,1983,3,18.3,2,18.6,76.0,8.9,28.9
15,1983,4,21.3,4,33.6,77.2,6.6,29.4
16,1983,5,32.3,11,160.8,83.2,5.9,28.3
17,1983,6,27.7,11,94.0,82.4,5.9,28.3
18,1983,7,55.5,18,190.0,83.7,5.4,27.6
19,1983,8,181.8,10,262.2,81.2,6.3,28.1
20,1983,9,50.3,18,170.8,84.4,3.8,27.2
21,1983,10,40.0,17,212.7,82.5,5.2,27.6
22,1983,11,54.8,18,228.8,85.2,3.2,26.6
23,1983,12,164.4,16,370.6,88.0,2.7,25.4
24,1984,1,62.3,18,251.2,85.8,4.1,25.5
25,1984,2,154.4,19,470.4,86.0,4.1,25.8
26,1984,3,119.4,19,361.3,85.4,5.3,26.5
27,1984,4,38.7,17,153.1,83.8,6.2,27.3
28,1984,5,46.0,12,186.5,84.1,6.4,27.3
29,1984,6,121.1,14,255.0,83.1,5.4,27.5
30,1984,7,49.2,12,127.2,83.7,5.7,27.2
31,1984,8,22.5,13,102.7,84.1,6.0,27.4
32,1984,9,46.5,17,186.7,83.9,4.9,26.8
33,1984,10,47.2,11,187.5,82.5,5.3,27.4
34,1984,11,35.4,17,127.7,86.3,4.3,26.5
35,1984,12,58.4,22,277.4,86.7,3.3,26.0
36,1985,1,35.5,7,111.1,81.5,8.7,26.6
37,1985,2,18.7,11,79.3,84.0,6.5,27.0
38,1985,3,23.8,13,88.0,83.9,5.6,27.1
39,1985,4,29.3,14,110.5,83.8,5.5,27.5
40,1985,5,36.2,12,70.1,83.4,5.7,28.0
41,1985,6,9.9,14,37.0,79.4,5.8,28.2
42,1985,7,32.2,17,131.8,83.1,5.3,27.0
43,1985,8,21.4,11,56.9,80.4,6.2,27.7
44,1985,9,22.0,18,110.7,83.1,5.0,26.9
45,1985,10,30.2,21,169.0,84.7,4.1,26.7
46,1985,11,38.2,21,179.4,85.0,4.1,26.6
47,1985,12,86.8,22,340.1,86.2,4.6,26.1
48,1986,1,95.6,13,308.2,83.9,3.9,25.7
49,1986,2,23.0,2,26.7,78.4,7.2,26.9
50,1986,3,71.1,17,353.4,86.6,4.6,26.4
51,1986,4,56.4,14,150.0,85.3,6.2,27.4
52,1986,5,51.3,13,145.1,81.8,6.1,28.2
53,1986,6,34.5,13,122.9,82.5,6.8,27.9
54,1986,7,23.5,12,109.7,79.9,6.2,27.9
55,1986,8,28.4,11,72.9,77.3,5.6,28.3
56,1986,9,97.6,22,396.0,84.4,4.8,26.7
57,1986,10,65.6,20,227.3,85.0,5.0,26.9
58,1986,11,40.5,21,256.7,84.1,4.5,26.6
59,1986,12,131.7,16,367.2,85.2,5.4,26.3
60,1987,1,127.4,16,568.6,86.0,4.0,25.5
61,1987,2,34.8,7,86.9,79.0,9.2,26.6
62,1987,3,40.9,12,132.5,83.2,6.9,27.5
63,1987,4,27.7,10,72.5,82.8,6.2,27.9
64,1987,5,81.4,16,270.0,84.6,5.6,27.6
65,1987,6,30.7,15,126.6,80.7,6.8,28.7
66,1987,7,21.6,11,80.9,81.3,6.7,28.1
67,1987,8,48.2,16,191.9,83.6,5.1,27.4
68,1987,9,44.5,11,129.9,82.5,5.4,27.6
69,1987,10,5.9,9,22.6,82.1,5.8,27.9
70,1987,11,77.7,17,347.6,84.0,4.5,27.3
71,1987,12,24.3,11,72.8,84.6,4.8,26.4
72,1988,1,69.0,15,237.5,84.3,5.9,26.8
73,1988,2,46.7,9,158.1,83.2,6.7,27.1
74,1988,3,70.1,15,186.8,85.3,5.2,27.3
75,1988,4,22.8,13,109.6,84.5,5.4,27.8
76,1988,5,76.7,14,229.6,82.7,5.6,28.4
77,1988,6,69.4,13,252.2,81.6,6.5,28.0
78,1988,7,75.6,15,305.4,84.0,6.0,27.3
79,1988,8,19.0,14,80.1,84.9,4.9,27.0
80,1988,9,187.3,14,440.4,84.5,4.8,27.1
81,1988,10,39.8,17,134.6,83.2,4.1,27.5
82,1988,11,111.9,23,401.4,86.8,3.7,26.3
83,1988,12,22.0,11,62.9,81.1,5.7,26.2
84,1989,1,53.0,10,189.7,84.1,5.8,26.5
85,1989,2,48.4,3,52.4,78.3,6.7,26.6
86,1989,3,63.5,21,305.9,87.6,4.5,26.3
87,1989,4,39.0,17,198.6,86.4,5.7,27.0
88,1989,5,38.2,12,194.0,86.6,5.2,27.3
89,1989,6,45.9,12,117.6,83.3,6.0,27.5
90,1989,7,33.3,12,157.6,82.6,6.0,27.7
91,1989,8,81.4,18,201.0,83.7,5.3,27.1
92,1989,9,102.2,14,247.3,84.4,5.5,26.9
93,1989,10,24.9,16,111.0,83.7,5.5,27.1
94,1989,11,148.6,20,508.4,86.0,5.4,26.7
95,1989,12,44.2,18,179.7,85.5,4.8,26.3
96,1990,1,73.9,13,147.4,83.8,5.3,26.2
97,1990,2,6.6,8,24.1,80.9,8.9,27.6
98,1990,3,48.6,4,94.2,77.6,8.3,28.2
99,1990,4,12.0,10,52.4,81.2,6.3,28.5
100,1990,5,153.7,11,180.1,81.1,6.5,28.6
101,1990,6,76.1,9,112.6,80.7,6.3,28.3
102,1990,7,44.5,12,124.0,82.7,5.9,27.5
103,1990,8,38.3,13,146.6,82.3,5.8,28.0
104,1990,9,44.5,17,204.5,83.2,5.1,27.2
105,1990,10,20.2,12,56.4,83.5,5.9,27.5
106,1990,11,46.9,17,180.4,83.5,4.6,27.2
107,1990,12,33.5,16,201.1,86.0,5.5,26.3
108,1991,1,36.2,13,123.9,84.1,5.6,26.7
109,1991,2,17.9,7,45.5,81.6,7.0,27.1
110,1991,3,48.6,10,92.4,79.9,7.1,27.8
111,1991,4,32.2,13,134.2,84.3,5.8,27.7
112,1991,5,44.0,23,256.4,86.6,5.1,27.7
113,1991,6,55.6,9,88.7,81.0,7.1,28.6
114,1991,7,10.7,8,37.3,78.7,6.7,28.5
115,1991,8,129.9,8,226.2,79.8,5.3,28.2
116,1991,9,53.6,12,123.1,83.0,4.1,27.5
117,1991,10,20.4,5,52.0,81.4,4.2,27.5
118,1991,11,75.2,19,205.0,86.5,3.5,26.3
119,1991,12,79.4,19,492.3,90.7,3.0,25.6
120,1992,1,56.2,9,83.9,82.4,6.6,26.6
121,1992,2,43.2,4,62.4,80.5,7.7,27.5
122,1992,3,35.1,6,67.6,80.6,7.4,28.2
123,1992,4,94.7,13,160.3,82.4,6.4,28.4
124,1992,5,13.7,13,63.1,83.3,5.7,28.1
125,1992,6,38.4,14,162.8,82.7,5.5,28.0
126,1992,7,97.3,19,290.8,83.8,4.7,27.3
127,1992,8,31.0,11,76.1,81.1,5.7,27.8
128,1992,9,17.5,13,83.6,82.9,5.0,27.3
129,1992,10,45.5,20,233.2,82.0,4.5,27.4
130,1992,11,120.6,18,474.3,87.7,3.7,26.1
131,1992,12,105.7,23,502.7,90.3,3.4,25.5
132,1993,1,37.2,11,176.4,85.7,5.5,26.2
133,1993,2,27.0,8,69.2,80.5,8.5,26.7
134,1993,3,56.9,14,250.5,86.3,5.4,26.7
135,1993,4,56.7,20,283.9,84.5,6.4,27.6
136,1993,5,37.2,10,129.9,82.9,6.0,28.2
137,1993,6,29.4,17,115.5,80.9,6.2,28.5
138,1993,7,46.4,15,240.0,83.2,5.2,27.9
139,1993,8,53.5,11,106.8,79.4,7.4,28.6
140,1993,9,42.0,7,61.7,81.4,5.9,27.9
141,1993,10,62.7,13,175.5,84.3,5.2,27.5
142,1993,11,61.3,18,250.8,87.4,4.7,26.9
143,1993,12,67.6,19,308.5,87.4,4.2,26.5
144,1994,1,17.5,7,56.9,82.1,6.1,26.9
145,1994,2,26.3,15,133.5,84.5,6.4,27.0
146,1994,3,64.2,19,288.2,87.1,3.5,26.8
147,1994,4,46.3,15,154.0,84.8,5.8,27.9
148,1994,5,45.1,16,169.6,84.8,5.0,28.1
149,1994,6,61.1,14,184.7,83.5,6.0,28.1
150,1994,7,17.0,6,53.8,78.9,7.6,28.4
151,1994,8,15.5,12,45.1,80.0,6.5,28.1
152,1994,9,11.3,6,23.7,78.7,3.8,28.3
153,1994,10,35.4,11,84.7,81.5,4.5,27.9
154,1994,11,178.3,21,322.2,88.4,4.5,26.7
155,1994,12,133.8,18,425.4,85.5,5.3,26.9
156,1995,1,108.3,21,349.4,86.2,5.0,26.8
157,1995,2,159.3,16,334.0,87.5,4.9,26.5
158,1995,3,31.1,10,67.7,83.9,5.9,27.6
159,1995,4,73.6,16,242.3,85.3,5.6,27.9
160,1995,5,32.8,11,84.4,83.7,6.0,28.5
161,1995,6,45.0,12,63.7,81.9,6.6,28.9
162,1995,7,52.3,13,173.6,82.6,5.2,28.0
163,1995,8,37.9,21,211.6,85.6,4.1,27.4
164,1995,9,5.7,7,29.5,81.6,5.8,28.3
165,1995,10,37.1,12,101.1,82.8,4.7,27.8
166,1995,11,198.6,20,372.8,86.8,3.7,27.0
167,1995,12,55.6,20,302.5,86.6,3.1,26.3
168,1996,1,39.0,10,173.2,84.2,5.2,26.2
169,1996,2,53.0,11,180.2,84.6,5.8,26.5
170,1996,3,61.8,8,129.7,81.0,7.7,27.8
171,1996,4,55.7,15,178.2,85.5,5.4,27.8
172,1996,5,18.6,15,107.5,83.7,7.0,28.5
173,1996,6,94.3,15,265.8,84.3,5.9,28.3
174,1996,7,55.3,10,162.3,81.9,6.7,28.3
175,1996,8,64.6,18,258.4,83.4,5.0,27.4
176,1996,9,66.5,18,297.0,82.2,4.8,27.7
177,1996,10,45.8,19,300.0,83.0,4.3,27.5
178,1996,11,60.5,16,180.2,83.5,4.4,27.3
179,1996,12,72.4,15,185.5,82.9,4.5,26.6
180,1997,1,13.9,3,15.4,77.3,7.7,27.1
181,1997,2,35.7,8,105.4,80.8,4.9,27.4
182,1997,3,17.4,10,34.3,79.6,7.0,28.1
183,1997,4,44.6,12,118.4,82.7,5.6,28.1
184,1997,5,35.6,6,41.6,77.7,6.7,29.3
185,1997,6,25.0,12,78.9,76.7,7.3,29.3
186,1997,7,5.4,9,18.6,76.5,6.5,28.8
187,1997,8,61.4,9,86.6,78.2,5.7,28.8
188,1997,9,24.3,3,31.1,77.0,3.2,28.8
189,1997,10,36.5,8,78.4,81.0,3.2,28.2
190,1997,11,53.6,13,158.3,82.8,5.4,27.8
191,1997,12,65.8,23,351.9,85.3,5.3,27.3
192,1998,1,79.7,13,268.8,83.2,7.4,28.0
193,1998,2,11.9,5,32.5,78.3,8.9,28.9
194,1998,3,20.9,7,58.8,77.8,7.6,29.5
195,1998,4,64.9,13,187.7,81.8,6.7,29.2
196,1998,5,83.7,18,370.8,82.3,5.9,29.4
197,1998,6,42.8,15,198.8,82.1,5.3,28.6
198,1998,7,55.8,18,259.2,81.8,5.1,28.1
199,1998,8,35.5,18,195.0,85.4,4.6,27.5
200,1998,9,52.0,17,258.2,84.1,4.5,27.9
201,1998,10,32.4,20,222.7,82.3,5.0,28.0
202,1998,11,57.5,11,107.2,81.9,4.6,27.9
203,1998,12,84.4,22,463.4,88.5,3.1,26.6
204,1999,1,52.5,19,193.9,88.3,3.9,26.6
205,1999,2,32.1,9,67.4,82.4,6.7,27.2
206,1999,3,52.4,16,181.4,87.5,4.3,27.1
207,1999,4,29.2,14,88.5,82.6,5.8,28.3
208,1999,5,42.8,13,157.1,84.4,5.7,28.0
209,1999,6,34.5,13,103.4,81.9,6.0,28.2
210,1999,7,51.4,11,225.4,82.7,6.8,27.8
211,1999,8,42.4,13,204.0,84.1,5.7,27.5
212,1999,9,41.5,13,125.9,81.7,6.5,27.9
213,1999,10,32.8,20,205.0,84.6,4.7,27.2
214,1999,11,39.0,19,241.5,84.4,4.7,27.3
215,1999,12,76.9,17,340.5,85.3,4.1,26.8
216,2000,1,127.6,14,275.2,86.9,4.0,26.3
217,2000,2,39.9,18,237.8,86.5,5.8,26.6
218,2000,3,37.9,15,238.3,85.8,5.8,27.2
219,2000,4,87.4,20,311.6,85.6,5.3,27.5
220,2000,5,36.7,10,96.8,82.4,6.8,28.6
221,2000,6,41.7,16,157.5,84.3,4.6,27.6
222,2000,7,34.6,12,116.1,82.6,6.5,28.1
223,2000,8,28.1,18,113.5,83.8,5.1,27.5
224,2000,9,25.7,12,81.1,82.2,6.2,28.0
225,2000,10,38.3,14,120.9,82.1,4.0,27.8
226,2000,11,72.0,21,385.7,87.1,3.7,27.3
227,2000,12,45.8,18,236.0,87.6,4.2,27.0
228,2001,1,125.4,21,425.8,87.4,4.4,26.5
229,2001,2,28.2,11,86.6,83.6,4.8,27.0
230,2001,3,41.1,20,297.3,84.5,5.4,27.5
231,2001,4,68.9,18,203.3,86.0,5.3,27.7
232,2001,5,56.1,12,164.9,85.0,6.0,28.5
233,2001,6,49.6,11,137.1,82.5,4.9,28.2
234,2001,7,44.8,9,111.3,80.8,8.1,28.4
235,2001,8,36.6,14,158.3,83.7,4.9,28.0
236,2001,9,74.3,13,162.0,82.3,6.2,28.0
237,2001,10,77.2,20,252.2,83.7,4.4,27.6
238,2001,11,102.6,15,175.3,84.9,3.7,27.2
239,2001,12,211.1,20,609.0,86.8,4.5,26.7
240,2002,1,83.8,11,221.2,83.6,6.9,27.0
241,2002,2,41.7,2,50.8,80.9,7.4,27.3
242,2002,3,26.4,8,55.6,80.8,7.6,28.2
243,2002,4,39.4,13,116.5,82.3,6.6,28.6
244,2002,5,75.9,13,236.6,82.3,6.2,28.9
245,2002,6,45.8,12,83.1,82.1,6.3,28.7
246,2002,7,69.5,11,233.7,82.7,6.8,28.4
247,2002,8,17.8,14,54.2,79.2,6.7,28.5
248,2002,9,38.9,9,124.2,81.7,5.5,28.1
249,2002,10,3.2,7,10.8,79.8,6.2,28.7
250,2002,11,84.0,15,307.2,85.8,4.6,27.4
251,2002,12,38.6,24,255.0,88.7,4.8,27.2
252,2003,1,194.4,20,444.2,86.9,4.7,26.7
253,2003,2,82.2,13,172.9,85.0,5.8,27.1
254,2003,3,38.3,11,154.6,83.8,6.9,28.1
255,2003,4,42.9,20,159.9,86.7,5.1,27.9
256,2003,5,33.0,11,81.8,81.7,5.8,29.2
257,2003,6,23.2,12,50.3,78.5,7.0,28.9
258,2003,7,30.9,14,170.4,81.7,5.6,28.1
259,2003,8,64.4,13,193.6,83.1,6.1,28.2
260,2003,9,60.0,15,205.3,84.8,5.0,27.6
261,2003,10,56.6,21,351.4,84.9,5.1,27.6
262,2003,11,41.3,19,133.8,87.3,4.2,27.1
263,2003,12,92.1,17,273.0,87.2,3.9,26.5
264,2004,1,177.8,13,600.9,86.7,6.7,26.9
265,2004,2,19.2,4,31.9,80.5,7.7,27.6
266,2004,3,122.8,16,269.4,85.8,4.8,27.7
267,2004,4,18.1,9,57.1,82.3,7.0,28.9
268,2004,5,73.4,13,137.6,82.1,6.0,28.9
269,2004,6,68.1,8,127.2,79.8,6.3,29.0
270,2004,7,34.3,20,166.6,85.3,4.2,27.3
271,2004,8,111.5,8,185.2,80.3,7.3,28.3
272,2004,9,29.1,14,128.9,83.6,5.9,27.8
273,2004,10,25.3,13,125.6,83.9,5.0,27.8
274,2004,11,62.4,15,166.2,86.1,5.8,27.3
275,2004,12,36.4,14,139.8,85.2,4.9,26.8
276,2005,1,96.7,8,163.2,83.3,6.5,26.6
277,2005,2,7.2,3,8.4,77.7,9.1,28.5
278,2005,3,20.5,12,82.4,80.3,7.2,28.5
279,2005,4,49.6,10,81.7,81.0,7.0,28.7
280,2005,5,58.7,20,331.1,84.6,5.5,28.5
281,2005,6,27.6,15,82.3,82.7,5.4,28.8
282,2005,7,26.3,15,104.0,84.0,5.4,28.0
283,2005,8,13.8,13,58.5,82.9,6.5,28.2
284,2005,9,43.4,18,175.7,84.2,6.2,28.2
285,2005,10,76.2,19,314.5,85.2,5.1,27.6
286,2005,11,133.8,23,362.9,86.4,4.4,27.3
287,2005,12,47.3,19,166.0,85.6,4.5,27.3
288,2006,1,131.7,20,454.4,87.8,4.8,26.5
289,2006,2,44.5,8,115.5,84.0,7.4,27.5
290,2006,3,35.7,9,83.1,81.3,7.1,28.3
291,2006,4,43.3,18,239.8,87.0,5.3,27.6
292,2006,5,36.6,14,205.7,85.2,5.0,28.1
293,2006,6,37.3,16,236.8,86.3,5.5,27.8
294,2006,7,54.8,15,153.8,83.8,6.9,28.4
295,2006,8,30.4,14,127.3,81.9,6.7,28.3
296,2006,9,32.2,12,83.3,81.0,5.3,28.0
297,2006,10,37.8,8,102.0,80.9,4.8,28.3
298,2006,11,64.0,18,185.6,87.4,5.6,27.3
299,2006,12,198.0,22,765.9,88.5,3.2,26.6
300,2007,1,143.8,20,450.1,86.8,4.1,26.5
301,2007,2,51.4,3,105.5,82.5,7.6,27.3
302,2007,3,68.8,21,269.1,84.9,5.8,27.5
303,2007,4,102.4,14,240.2,84.7,5.9,28.1
304,2007,5,21.9,16,127.2,84.8,5.5,28.3
305,2007,6,38.0,12,139.0,82.8,6.0,28.4
306,2007,7,23.0,19,141.7,84.8,3.8,27.7
307,2007,8,55.9,20,190.7,82.9,5.7,27.7
308,2007,9,52.1,13,149.0,83.3,5.8,27.8
309,2007,10,51.8,16,237.2,83.2,5.6,27.8
310,2007,11,60.1,21,367.9,86.5,3.5,26.9
311,2007,12,159.0,20,468.6,86.8,4.5,26.4
312,2008,1,123.1,19,262.6,86.0,6.1,26.8
313,2008,2,48.5,8,129.2,82.9,5.5,26.7
314,2008,3,48.1,16,294.1,87.1,4.3,26.5
315,2008,4,34.2,13,87.2,82.0,6.0,28.1
316,2008,5,42.3,11,124.9,79.1,6.6,28.8
317,2008,6,45.2,12,118.3,81.5,5.6,28.2
318,2008,7,23.5,15,89.1,81.3,4.9,27.8
319,2008,8,133.9,18,327.3,83.8,5.5,27.4
320,2008,9,43.5,18,164.4,82.7,5.1,27.7
321,2008,10,41.6,19,159.5,84.9,4.5,27.6
322,2008,11,63.3,16,324.3,85.9,4.0,27.3
323,2008,12,52.0,17,244.2,83.7,4.8,26.9
324,2009,1,36.0,5,38.3,79.1,6.6,26.8
325,2009,2,74.2,8,201.8,80.7,6.4,27.3
326,2009,3,56.3,19,223.3,85.4,5.5,27.2
327,2009,4,86.6,12,183.7,82.2,6.2,28.5
328,2009,5,41.3,17,198.6,83.0,6.6,28.7
329,2009,6,5.8,8,21.8,79.8,7.0,29.1
330,2009,7,24.4,16,161.0,80.8,6.2,28.3
331,2009,8,35.5,12,177.8,80.7,6.5,28.3
332,2009,9,63.0,13,109.6,82.0,5.6,28.3
333,2009,10,38.4,15,133.4,82.8,5.4,28.2
334,2009,11,61.4,23,281.8,85.6,4.7,27.2
335,2009,12,42.6,18,189.8,86.3,4.7,27.1
336,2010,1,24.5,10,69.5,82.1,7.1,27.5
337,2010,2,2.9,4,6.3,77.3,8.8,28.9
338,2010,3,57.6,11,238.0,79.9,6.1,28.6
339,2010,4,40.0,18,158.5,84.1,6.2,28.6
340,2010,5,90.5,17,157.5,82.2,6.5,29.2
341,2010,6,43.0,19,240.5,83.9,5.1,28.3
342,2010,7,121.1,18,298.5,84.8,4.6,27.7
343,2010,8,60.2,16,158.4,84.2,5.4,27.9
344,2010,9,28.0,13,121.5,82.5,5.7,28.0
345,2010,10,58.1,17,166.2,82.3,4.2,28.3
346,2010,11,41.6,21,278.8,85.9,5.0,27.4
347,2010,12,85.8,14,181.4,85.3,3.6,26.8
348,2011,1,216.2,17,513.2,85.8,4.5,26.3
349,2011,2,17.4,8,23.0,81.1,7.5,27.3
350,2011,3,54.0,22,256.6,85.5,4.6,27.1
351,2011,4,61.8,12,217.8,83.9,7.2,27.9
352,2011,5,34.2,15,127.0,85.3,5.9,28.5
353,2011,6,82.0,15,213.0,83.7,5.0,28.4
354,2011,7,30.0,7,76.6,81.3,7.8,28.7
355,2011,8,30.2,13,81.4,82.6,6.1,27.9
356,2011,9,40.4,14,136.4,82.7,5.1,27.8
357,2011,10,54.0,20,216.8,87.4,5.3,27.3
358,2011,11,78.6,24,377.8,87.8,4.6,27.1
359,2011,12,87.4,21,284.6,88.4,3.3,26.6
360,2012,1,26.2,16,106.1,87.3,6.0,26.7
361,2012,2,38.4,11,83.6,85.6,7.0,27.2
362,2012,3,92.3,21,313.4,87.3,4.2,27.0
363,2012,4,48.4,20,260.6,85.1,5.8,27.6
364,2012,5,79.2,19,292.0,83.1,5.6,28.2
365,2012,6,38.2,8,53.0,79.0,6.0,28.7
366,2012,7,35.4,17,130.8,81.1,6.2,27.7
367,2012,8,31.0,12,119.0,79.8,6.1,27.9
368,2012,9,35.8,10,107.6,79.7,5.6,27.9
369,2012,10,22.6,13,122.2,81.3,5.9,27.7
370,2012,11,49.2,22,208.2,85.4,4.4,27.1
371,2012,12,78.8,22,363.4,87.0,3.6,26.7
372,2013,1,73.0,15,262.0,82.1,6.0,27.1
373,2013,2,95.2,22,395.2,86.9,4.0,26.5
374,2013,3,29.6,10,85.8,80.4,7.5,28.3
375,2013,4,41.6,19,159.4,82.7,5.2,28.2
376,2013,5,46.2,17,211.4,83.1,5.4,28.2
377,2013,6,22.4,12,111.4,74.6,6.4,29.0
378,2013,7,37.4,15,174.6,79.9,5.7,27.8
379,2013,8,43.2,15,165.6,79.0,6.1,27.9
380,2013,9,52.6,19,257.0,81.3,4.6,27.5
381,2013,10,139.8,19,285.4,79.9,6.3,27.7
382,2013,11,44.0,22,292.4,84.6,4.5,27.1
383,2013,12,119.8,21,348.2,85.8,3.5,26.5
384,2014,1,31.2,5,75.4,78.5,5.3,26.2
385,2014,2,0.2,1,0.2,74.5,8.8,27.2
386,2014,3,52.6,6,66.0,76.0,8.0,27.9
387,2014,4,28.8,17,110.0,80.0,5.7,28.2
388,2014,5,22.2,18,125.8,80.2,5.8,28.6
389,2014,6,18.8,11,71.4,77.5,6.0,29.0
390,2014,7,29.0,15,148.6,78.3,5.5,28.7
391,2014,8,44.2,20,241.0,79.7,4.5,27.7
392,2014,9,34.6,9,83.6,75.6,7.0,28.5
393,2014,10,32.8,10,120.0,77.0,6.0,28.4
394,2014,11,64.4,23,250.8,82.4,5.4,27.5
395,2014,12,48.2,17,245.6,82.6,3.7,27.0
396,2015,1,33.6,6,79.6,77.6,7.4,26.9
397,2015,2,10.8,6,18.8,75.4,7.3,27.0
398,2015,3,46.0,5,84.4,75.8,7.3,28.2
399,2015,4,18.8,13,73.2,77.1,7.2,28.6
400,2015,5,22.2,12,89.0,78.9,5.8,28.7
401,2015,6,28.4,10,95.8,75.8,6.7,29.0
402,2015,7,45.8,13,116.8,74.9,7.1,29.1
403,2015,8,63.2,11,185.8,76.7,6.1,28.4
404,2015,9,18.4,8,61.6,75.0,4.3,28.7
405,2015,10,28.6,9,87.2,75.4,4.7,28.7
406,2015,11,25.8,13,72.6,79.1,4.8,28.0
407,2015,12,40.4,19,302.3,81.1,5.3,27.7
408,2016,1,39.6,15,126.6,79.6,7.2,28.3
409,2016,2,71.8,10,186.0,78.8,6.5,27.8
410,2016,3,2.4,6,6.2,74.7,8.0,29.0
411,2016,4,18.2,14,89.8,75.6,7.0,29.4
412,2016,5,54.8,12,193.8,77.4,6.2,29.3
413,2016,6,67.8,13,162.8,77.7,5.4,28.5
414,2016,7,59.4,20,168.6,77.3,6.3,28.4
415,2016,8,30.6,15,139.2,74.0,6.7,28.9
416,2016,9,34.0,15,118.9,73.9,5.5,28.3
417,2016,10,75.4,16,181.0,72.0,4.6,28.3
418,2016,11,65.6,20,290.2,77.6,3.5,27.4
419,2016,12,73.0,23,292.6,72.8,5.1,27.4
420,2017,1,60.6,21,197.6,84.8,4.8,26.9
421,2017,2,31.0,15,158.4,83.2,7.1,26.9
422,2017,3,30.2,11,136.2,82.5,6.1,27.4
423,2017,4,42.8,21,208.6,83.5,5.3,27.8
424,2017,5,44.8,15,190.0,82.8,5.9,28.5
425,2017,6,29.6,10,106.0,80.2,6.3,28.5
426,2017,7,30.2,9,79.6,79.6,7.0,28.3
427,2017,8,29.4,18,84.2,79.9,6.1,28.1
428,2017,9,20.2,19,124.4,81.0,5.7,28.0
429,2017,10,31.2,18,120.8,82.5,5.5,27.9
430,2017,11,45.2,24,268.6,86.3,4.2,27.1
431,2017,12,69.8,23,371.2,85.2,5.6,27.0
432,2018,1,45.8,25,287.0,86.6,4.1,26.1
433,2018,2,13.0,5,14.8,77.2,8.0,27.2
434,2018,3,15.2,10,44.6,78.4,6.4,28.0
435,2018,4,14.0,14,61.2,78.5,6.8,28.5
436,2018,5,47.4,19,132.2,79.0,5.8,28.7
437,2018,6,46.8,17,182.6,79.3,4.1,28.4
438,2018,7,32.4,10,143.2,77.7,6.1,28.5
439,2018,8,34.6,11,121.6,77.0,6.7,28.5
440,2018,9,45.0,13,144.4,77.1,6.0,28.0
441,2018,10,60.6,18,234.4,79.7,6.1,27.9
442,2018,11,20.6,27,169.6,83.2,3.8,27.3
443,2018,12,43.8,19,172.6,81.5,5.1,27.6
444,2019,1,38.2,9,63.6,75.6,7.1,28.0
445,2019,2,13.4,5,31.6,74.1,9.2,28.2
446,2019,3,29.0,6,72.2,72.3,8.3,28.7
447,2019,4,52.4,9,174.8,77.6,5.9,28.6
448,2019,5,17.2,13,69.0,79.2,7.0,29.3
449,2019,6,37.6,16,173.8,79.5,5.3,28.4
450,2019,7,6.6,8,12.2,75.2,7.5,29.0
451,2019,8,3.8,6,11.8,72.1,7.6,29.1
452,2019,9,16.4,4,22.8,73.0,6.7,29.0
453,2019,10,92.2,15,176.8,78.1,6.5,28.1
454,2019,11,73.4,15,137.4,79.2,5.5,28.0
455,2019,12,74.2,14,421.5,83.9,4.8,26.7
456,2020,1,38.0,6,88.4,77.9,7.1,27.7
457,2020,2,23.8,8,65.0,76.0,8.3,27.9
458,2020,3,47.4,8,108.8,75.2,7.6,28.6
459,2020,4,51.8,12,188.0,76.4,7.1,28.9
460,2020,5,53.8,16,255.6,79.1,5.7,28.9
461,2020,6,41.0,21,233.8,80.2,4.3,28.1
462,2020,7,30.4,22,140.8,78.2,5.7,27.9
463,2020,8,34.6,12,103.4,76.8,6.4,28.3
464,2020,9,32.8,18,150.2,79.0,4.8,27.5
465,2020,10,19.0,16,78.8,75.4,4.3,28.3
466,2020,11,64.2,19,220.6,81.7,4.0,27.2
467,2020,12,58.2,20,253.2,81.1,5.2,27.2
468,2021,1,210.6,17,692.8,82.6,4.2,26.0
469,2021,2,0.6,2,1.0,73.8,8.2,27.3
470,2021,3,38.0,14,182.4,76.6,7.3,27.9
471,2021,4,83.8,14,290.4,77.4,6.8,28.2
472,2021,5,49.8,13,245.8,79.3,6.0,28.7
473,2021,6,23.8,20,93.4,77.8,6.5,28.5
474,2021,7,75.0,12,195.8,76.5,6.8,28.6
475,2021,8,71.4,24,293.6,80.4,4.8,27.6
476,2021,9,63.4,14,205.4,77.3,6.4,28.3
477,2021,10,59.6,14,177.0,78.3,6.2,28.5
478,2021,11,47.8,23,312.4,81.7,4.9,27.6
479,2021,12,46.8,15,119.6,79.7,5.4,27.7
480,2022,1,50.0,9,99.8,77.4,8.3,27.4
481,2022,2,29.6,16,175.0,80.3,5.9,27.3
482,2022,3,36.2,21,163.2,79.2,6.4,28.1
483,2022,4,58.8,18,239.6,80.0,5.2,28.1
484,2022,5,44.6,12,102.0,76.5,6.7,29.2
485,2022,6,59.4,17,211.8,79.1,4.7,27.9
486,2022,7,27.8,16,145.2,76.8,6.2,28.6
487,2022,8,32.4,15,141.4,77.4,5.5,28.1
488,2022,9,38.2,14,121.0,76.9,3.8,27.9
489,2022,10,38.8,27,279.0,78.7,3.5,27.6
490,2022,11,53.0,26,313.8,79.9,3.8,27.4
